INSERT INTO `system_constant` VALUES ('pingzhenglist', '[{ \"code\": \"会计科目\", \"name\": \"会计科目\" }, { \"code\": \"借方金额\", \"name\": \"借方金额\" }, { \"code\": \"贷方金额\", \"name\": \"贷方金额\" }, { \"code\": \"摘要\", \"name\": \"摘要\" }, { \"code\": \"凭证名称\", \"name\": \"凭证名称\" }, { \"code\": \"成本中心\", \"name\": \"成本中心\" }, { \"code\": \"产品\", \"name\": \"产品\" }, { \"code\": \"地区\", \"name\": \"地区\" }, { \"code\": \"税率\", \"name\": \"税率\" }, { \"code\": \"项目\", \"name\": \"项目\" }, { \"code\": \"公司\", \"name\": \"公司\" }, { \"code\": \"币种\", \"name\": \"币种\" }]');
INSERT INTO `system_constant` VALUES ('syslist', '[{ \"code\": \"ET-SALES\", \"name\": \"电商门票销售\" }, { \"code\": \"ET-REFUND\", \"name\": \"退票\" }, { \"code\": \"ET-UPGRADE\", \"name\": \"门票升级\" }, { \"code\": \"H-CHECKIN\", \"name\": \"入住登记\" }, { \"code\": \"T-CHECKIN\", \"name\": \"入园检票\" }, { \"code\": \"OT-SALES\", \"name\": \"OTA门票销售\" }, { \"code\": \"UT-SETTL\", \"name\": \"OTA佣金结算\" }, { \"code\": \"UT-SALES\", \"name\": \"UBR门票销售\" }, { \"code\": \"PAYMENT\", \"name\": \"支付\" }]');
INSERT INTO `system_constant` VALUES ('templatelist', '[{ \"code\": \"ET-SALES\", \"name\": \"电商门票销售\" }, { \"code\": \"ET-REFUND\", \"name\": \"退票\" }, { \"code\": \"ET-UPGRADE\", \"name\": \"门票升级\" }, { \"code\": \"H-CHECKIN\", \"name\": \"入住登记\" }, { \"code\": \"T-CHECKIN\", \"name\": \"入园检票\" }, { \"code\": \"OT-SALES\", \"name\": \"OTA门票销售\" }, { \"code\": \"UT-SETTL\", \"name\": \"OTA佣金结算\" }, { \"code\": \"UT-SALES\", \"name\": \"UBR门票销售\" }, { \"code\": \"PAYMENT\", \"name\": \"支付\" }]');
INSERT INTO `system_constant` VALUES ('zifulist', '[{ \"code\": \"字符串\", \"name\": \"字符串\" }, { \"code\": \"数字\", \"name\": \"数字\" }, { \"code\": \"日期\", \"name\": \"日期\" }]');

INSERT INTO `map_value` VALUES ('1', '科目代码', '1', NULL, NULL);
INSERT INTO `map_value` VALUES ('2', '财务公司代码', '2', NULL, NULL);

INSERT INTO `map_structure` VALUES ('1', '收入科目映射', 'ET-SALES',NULL, NULL);
INSERT INTO `map_structure` VALUES ('2', '财务公司代码映射','ET-SALES', NULL, NULL);

INSERT INTO `data_manage` VALUES ('11', 'E-COM', '电子商务系统', '2019-5-4 11:17:33', '电商门票销售', 'ET-SALES201905040001', NULL, '环球影城', '准备计算', NULL, '', NULL, NULL);
INSERT INTO `data_manage` VALUES ('12', 'E-COM', '电子商务系统', '2019-5-4 13:17:33', '退票', 'ET-REFUND201905040001', NULL, '环球影城', '准备计算', NULL, NULL, NULL, NULL);
INSERT INTO `data_manage` VALUES ('13', 'E-COM', '电子商务系统', '2019-5-4 13:20:33', '门票升级', 'ET-UPGRADE201905040001', '', '环球影城', '准备计算', NULL, NULL, NULL, NULL);
INSERT INTO `data_manage` VALUES ('14', 'HCS', '酒店登记系统', '2019-5-4 14:10:33', '入住登记', 'H-CHECKIN201905040001', '', '环球影城', '准备计算', NULL, NULL, NULL, NULL);
INSERT INTO `data_manage` VALUES ('15', 'CTS', '园区检票系统', '2019-5-4 15:17:33', '入园检票', 'T-CHECKIN201905040001', '', '环球影城', '准备计算', NULL, NULL, NULL, NULL);
INSERT INTO `data_manage` VALUES ('16', 'OTA', '园区检票系统', '2019-5-4 16:17:33', '入园检票', 'T-CHECKIN201905040002（套票过期收入确认）', '', '环球影城', '准备计算', NULL, NULL, NULL, NULL);
INSERT INTO `data_manage` VALUES ('17', 'UBR', '园区检票系统', '2019-5-4 16:27:33', '入园检票', 'T-CHECKIN201905040003（年票按比例确认收入）', '', '环球影城', '准备计算', NULL, NULL, NULL, NULL);
INSERT INTO `data_manage` VALUES ('18', 'BNK', '旅行社售票系统', '2019-5-4 16:37:33', 'OTA门票销售', 'OT-SALES201905040001', '', '环球影城', '准备计算', NULL, NULL, NULL, NULL);
INSERT INTO `data_manage` VALUES ('19', 'OTA', '旅行社售票系统', '2019-5-5 16:17:33', 'OTA佣金结算', 'UT-SETTL201905310001', '', '环球影城', '准备计算', NULL, NULL, NULL, NULL);
INSERT INTO `data_manage` VALUES ('20', 'UBR', 'UBR销售系统', '2019-5-5 16:27:33', 'UBR门票销售', 'UT-SALES201905040001', '', '环球影城', '准备计算', NULL, NULL, NULL, NULL);
INSERT INTO `data_manage` VALUES ('21', 'BNK', '银行', '2019-5-5 16:37:33', '支付', 'PAYMENT201905040001', '', '环球影城', '准备计算', NULL, NULL, NULL, NULL);

INSERT INTO `data_manage_item` VALUES ('1001', '20190501', '11001000', '现金', '1400', '', '现金收款', NULL, NULL, NULL, NULL, NULL, '11');
INSERT INTO `data_manage_item` VALUES ('1002', '20190501', '12562000', '递延收入', '', '1320.76', '套票园区递延收入', NULL, NULL, NULL, NULL, NULL, '11');
INSERT INTO `data_manage_item` VALUES ('1003', '20190501', '22000000', '销项税', '', '79.24', '进项税', NULL, NULL, NULL, NULL, NULL, '11');
INSERT INTO `data_manage_item` VALUES ('1004', '20190501', '11001000', '现金', '100', '', '现金收款', NULL, NULL, NULL, NULL, NULL, '11');
INSERT INTO `data_manage_item` VALUES ('1005', '20190501', '12562000', '递延收入', '', '94.34', '套票魔杖递延收入', NULL, NULL, NULL, NULL, NULL, '11');
INSERT INTO `data_manage_item` VALUES ('1006', '20190501', '22000000', '销项税', '', '5.66', '进项税', NULL, NULL, NULL, NULL, NULL, '11');
INSERT INTO `data_manage_item` VALUES ('1007', '20190501', '11001000', '现金', '600', '', '现金收款', NULL, NULL, NULL, NULL, NULL, '11');
INSERT INTO `data_manage_item` VALUES ('1008', '20190501', '12562000', '递延收入', '', '566.04', '套票酒店递延收入', NULL, NULL, NULL, NULL, NULL, '11');
INSERT INTO `data_manage_item` VALUES ('1009', '20190501', '22000000', '销项税', '', '33.96', '进项税', NULL, NULL, NULL, NULL, NULL, '11');
INSERT INTO `data_manage_item` VALUES ('1010', '20190501', '11001000', '现金', '400', '', '现金收款', NULL, NULL, NULL, NULL, NULL, '11');
INSERT INTO `data_manage_item` VALUES ('1011', '20190501', '12562000', '递延收入', '', '377.36', '日票递延收入', NULL, NULL, NULL, NULL, NULL, '11');
INSERT INTO `data_manage_item` VALUES ('1012', '20190501', '22000000', '销项税', '', '22.64', '进项税', NULL, NULL, NULL, NULL, NULL, '11');
INSERT INTO `data_manage_item` VALUES ('1013', '20190501', '11001000', '现金', '800', '', '现金收款', NULL, NULL, NULL, NULL, NULL, '11');
INSERT INTO `data_manage_item` VALUES ('1014', '20190501', '12562000', '递延收入', '', '754.72', '季票递延收入', NULL, NULL, NULL, NULL, NULL, '11');
INSERT INTO `data_manage_item` VALUES ('1015', '20190501', '22000000', '销项税', '', '45.28', '进项税', NULL, NULL, NULL, NULL, NULL, '11');
INSERT INTO `data_manage_item` VALUES ('1016', '20190501', '11001000', '现金', '3600', '', '现金收款', NULL, NULL, NULL, NULL, NULL, '11');
INSERT INTO `data_manage_item` VALUES ('1017', '20190501', '12562000', '递延收入', '', '3396.23', '季票递延收入', NULL, NULL, NULL, NULL, NULL, '11');
INSERT INTO `data_manage_item` VALUES ('1018', '20190501', '22000000', '销项税', '', '203.77', '进项税', NULL, NULL, NULL, NULL, NULL, '11');
INSERT INTO `data_manage_item` VALUES ('1101', '20190504', '12562000', '递延收入', '754.72', '', '未兑换退票冲销递延收入', NULL, NULL, NULL, NULL, NULL, '12');
INSERT INTO `data_manage_item` VALUES ('1102', '20190504', '22000000', '销项税', '45.28', '', '未兑换退票冲销销项税', NULL, NULL, NULL, NULL, NULL, '12');
INSERT INTO `data_manage_item` VALUES ('1103', '20190504', '11001000', '现金', '', '800', '现金退款', NULL, NULL, NULL, NULL, NULL, '12');
INSERT INTO `data_manage_item` VALUES ('1104', '20190504', '12562000', '递延收入', '821.37', '', '已兑换退票冲销递延收入', NULL, NULL, NULL, NULL, NULL, '12');
INSERT INTO `data_manage_item` VALUES ('1105', '20190504', '41000001', '主营业务收入-园区', '27.69', '', '已兑换退票冲销主营业务收入', NULL, NULL, NULL, NULL, NULL, '12');
INSERT INTO `data_manage_item` VALUES ('1106', '20190504', '22000000', '销项税', '50.94', '', '已兑换退票冲销销项税', NULL, NULL, NULL, NULL, NULL, '12');
INSERT INTO `data_manage_item` VALUES ('1107', '20190504', '11001000', '现金', '', '900', '现金退款', NULL, NULL, NULL, NULL, NULL, '12');
INSERT INTO `data_manage_item` VALUES ('1201', '20190504', '11001000', '现金', '2700', '', '现金收款', NULL, NULL, NULL, NULL, NULL, '13');
INSERT INTO `data_manage_item` VALUES ('1202', '20190504', '12562000', '递延收入', '754.72', '', '未兑换升级冲销递延收入', NULL, NULL, NULL, NULL, NULL, '13');
INSERT INTO `data_manage_item` VALUES ('1203', '20190504', '12562000', '递延收入', '', '3301.89', '未兑换升级递延收入', NULL, NULL, NULL, NULL, NULL, '13');
INSERT INTO `data_manage_item` VALUES ('1204', '20190504', '22000000', '销项税', '', '152.83', '未兑换升级销项税', NULL, NULL, NULL, NULL, NULL, '13');
INSERT INTO `data_manage_item` VALUES ('1205', '20190504', '11001000', '现金', '2700', '', '现金收款', NULL, NULL, NULL, NULL, NULL, '13');
INSERT INTO `data_manage_item` VALUES ('1206', '20190504', '12562000', '递延收入', '849.06', '', '已兑换升级冲销递延收入', NULL, NULL, NULL, NULL, NULL, '13');
INSERT INTO `data_manage_item` VALUES ('1207', '20190504', '12562000', '递延收入', '', '3396.23', '已兑换升级递延收入', NULL, NULL, NULL, NULL, NULL, '13');
INSERT INTO `data_manage_item` VALUES ('1208', '20190504', '22000000', '销项税', '', '152.83', '已兑换升级销项税', NULL, NULL, NULL, NULL, NULL, '13');
INSERT INTO `data_manage_item` VALUES ('1209', '20190504', '41000001', '主营业务收入-园区', '27.69', '', '冲销已兑换升级前收入', NULL, NULL, NULL, NULL, NULL, '13');
INSERT INTO `data_manage_item` VALUES ('1210', '20190504', '12562000', '递延收入', '', '27.69', '冲销已兑换升级前递延收入', NULL, NULL, NULL, NULL, NULL, '13');
INSERT INTO `data_manage_item` VALUES ('1211', '20190504', '12562000', '递延收入', '27.69', '', '已升级后的票价确认收入', NULL, NULL, NULL, NULL, NULL, '13');
INSERT INTO `data_manage_item` VALUES ('1212', '20190504', '41000001', '主营业务收入-园区', '', '27.69', '已升级后的票价确认收入', NULL, NULL, NULL, NULL, NULL, '13');
INSERT INTO `data_manage_item` VALUES ('1301', '20190504', '12562000', NULL, '566.04', '', '酒店入住收入确认', NULL, NULL, NULL, NULL, NULL, '14');
INSERT INTO `data_manage_item` VALUES ('1302', '20190504', '41000002', NULL, '', '566.04', '酒店入住收入确认', NULL, NULL, NULL, NULL, NULL, '14');
INSERT INTO `data_manage_item` VALUES ('1401', '20190501', '12562000', '递延收入', '660.38', '', '套票收入确认', NULL, NULL, NULL, NULL, NULL, '15');
INSERT INTO `data_manage_item` VALUES ('1402', '20190501', '41000001', '主营业务收入-园区', '', '660.38', '套票收入确认', NULL, NULL, NULL, NULL, NULL, '15');
INSERT INTO `data_manage_item` VALUES ('1403', '20190501', '12562000', '递延收入', '377.36', '', '日票收入确认', NULL, NULL, NULL, NULL, NULL, '15');
INSERT INTO `data_manage_item` VALUES ('1404', '20190501', '41000001', '主营业务收入-园区', '', '377.36', '日票收入确认', NULL, NULL, NULL, NULL, NULL, '15');
INSERT INTO `data_manage_item` VALUES ('1405', '20190501', '12562000', '递延收入', '8.2', '', '季票收入确认（按天）', NULL, NULL, NULL, NULL, NULL, '15');
INSERT INTO `data_manage_item` VALUES ('1406', '20190501', '41000001', '主营业务收入-园区', '', '8.2', '季票收入确认（按天）', NULL, NULL, NULL, NULL, NULL, '15');
INSERT INTO `data_manage_item` VALUES ('1407', '20190501', '12562000', '递延收入', '9.3', '', '年票收入确认（按天）', NULL, NULL, NULL, NULL, NULL, '15');
INSERT INTO `data_manage_item` VALUES ('1408', '20190501', '41000001', '主营业务收入-园区', '', '9.3', '年票收入确认（按天）', NULL, NULL, NULL, NULL, NULL, '15');
INSERT INTO `data_manage_item` VALUES ('1409', '20190501', '12562000', '递延收入', '660.38', '', '魔杖收入确认', NULL, NULL, NULL, NULL, NULL, '15');
INSERT INTO `data_manage_item` VALUES ('1410', '20190501', '41000003', '主营业务收入-魔杖', '', '660.38', '魔杖收入确认', NULL, NULL, NULL, NULL, NULL, '15');
INSERT INTO `data_manage_item` VALUES ('1411', '20190501', '51000000', '主营业务成本', '20', '', '魔杖成本结转', NULL, NULL, NULL, NULL, NULL, '15');
INSERT INTO `data_manage_item` VALUES ('1412', '20190501', '13400000', '库存商品', '', '20', '魔杖成本结转', NULL, NULL, NULL, NULL, NULL, '15');
INSERT INTO `data_manage_item` VALUES ('1501', '20190503', '12562000', '递延收入', '660.38', '', '套票收入确认', NULL, NULL, NULL, NULL, NULL, '16');
INSERT INTO `data_manage_item` VALUES ('1502', '20190503', '41000001', '主营业务收入-园区', '', '660.38', '套票收入确认', NULL, NULL, NULL, NULL, NULL, '16');
INSERT INTO `data_manage_item` VALUES ('1601', '20190510', '12562000', '递延收入', '1018.87', '', '年票按比例第二次确认收入', NULL, NULL, NULL, NULL, NULL, '17');
INSERT INTO `data_manage_item` VALUES ('1602', '20190510', '41000001', '主营业务收入-园区', '', '1018.87', '年票按比例第二次确认收入', NULL, NULL, NULL, NULL, NULL, '17');
INSERT INTO `data_manage_item` VALUES ('1701', '20190501', '12100000', '应收账款', '300', '', '应收账款', 'ZZ0001', '', NULL, NULL, NULL, '18');
INSERT INTO `data_manage_item` VALUES ('1702', '20190501', '12562000', '递延收入', '', '300', '套票园区递延收入', '', '', NULL, NULL, NULL, '18');
INSERT INTO `data_manage_item` VALUES ('1703', '20190501', '61500000', '销售费用-佣金', '30', '', '佣金费用', '', '', NULL, NULL, NULL, '18');
INSERT INTO `data_manage_item` VALUES ('1704', '20190501', '21110000', '应付暂估-佣金', '', '30', '佣金费用暂估', '', '80000000', NULL, NULL, NULL, '18');
INSERT INTO `data_manage_item` VALUES ('1801', '20190531', '21110000', '应付暂估-佣金', '300000', '', '佣金结算', '', '80000000', NULL, NULL, NULL, '19');
INSERT INTO `data_manage_item` VALUES ('1802', '20190531', '21100000', '应付账款', '', '300000', '佣金结算', '', '80000000', NULL, NULL, NULL, '19');
INSERT INTO `data_manage_item` VALUES ('1901', '20190501', '11001000', '现金', '300', '', '现金收款', '', '', NULL, NULL, NULL, '20');
INSERT INTO `data_manage_item` VALUES ('1902', '20190501', '12562000', '递延收入', '', '283.02', '日票递延收入', '', '', NULL, NULL, NULL, '20');
INSERT INTO `data_manage_item` VALUES ('1903', '20190501', '22000000', '销项税', '', '16.98', '进项税', '', '', NULL, NULL, NULL, '20');
INSERT INTO `data_manage_item` VALUES ('2001', '20190501', '21100000', '应付账款', '300', '', '支付佣金费用', '', '80000000', NULL, NULL, NULL, '21');
INSERT INTO `data_manage_item` VALUES ('2002', '20190501', '11001000', '银行存款', '', '300', '支付佣金费用', '', '', NULL, NULL, NULL, '21');

INSERT INTO `data_template` VALUES('73461801261793280', 'ET-SALES', '电商门票销售', NULL, 'false', 'ET-SALES', '电商门票销售', 'false', 'false', NULL, NULL);
INSERT INTO `data_template` VALUES('73815160223498240', 'ET-REFUND', '退票', NULL, 'false', 'ET-REFUND', '退票', 'false', 'false', NULL, NULL);
INSERT INTO `data_template` VALUES('73816543257493504', 'ET-UPGRADE', '门票升级', NULL, 'false', 'ET-UPGRADE', '门票升级', 'false', 'false', NULL, NULL);
INSERT INTO `data_template` VALUES('73817530114310144', 'H-CHECKIN', '入住登记', NULL, 'false', 'H-CHECKIN', '入住登记', 'false', 'false', NULL, NULL);
INSERT INTO `data_template` VALUES('73818253161988096', 'T-CHECKIN', '入园检票', NULL, 'false', 'T-CHECKIN', '入园检票', 'false', 'false', NULL, NULL);
INSERT INTO `data_template` VALUES('73825165127516160', 'OT-SALES', 'OTA门票销售', NULL, 'false', 'OT-SALES', 'OTA门票销售', 'false', 'false', NULL, NULL);
INSERT INTO `data_template` VALUES('73825563703836672', 'OT-SETTL', 'OTA佣金结算', NULL, 'false', 'OT-SETTL', 'OTA佣金结算', 'false', 'false', NULL, NULL);
INSERT INTO `data_template` VALUES('73826034497683456', 'UT-SALES', 'UBR门票销售', NULL, 'false', 'UT-SALES', 'UBR门票销售', 'false', 'false', NULL, NULL);
INSERT INTO `data_template` VALUES('73826486995976192', 'PAYMENT', '支付', NULL, 'false', 'PAYMENT', '支付', 'false', 'false', NULL, NULL);

INSERT INTO `data_template_item` VALUES('73815826228641792', 'VALUE1', '科目组合', '1', '会计科目', '字符串', '20', 'true', 'false', 'false', 'false', 'false', '', '', NULL, NULL, '73815160223498240', NULL, NULL);
INSERT INTO `data_template_item` VALUES('73815826228641793', 'VALUE2', '借方金额', '2', '借方金额', '数字', '', 'true', 'false', 'false', 'false', 'false', '', '', NULL, NULL, '73815160223498240', NULL, NULL);
INSERT INTO `data_template_item` VALUES('73815826228641794', 'VALUE3', '贷方金额', '3', '贷方金额', '数字', '', 'true', 'false', 'false', 'false', 'false', '', '', NULL, NULL, '73815160223498240', NULL, NULL);
INSERT INTO `data_template_item` VALUES('73815826228641795', 'VALUE4', '摘要', '4', '摘要', '字符串', '80', 'true', 'false', 'false', 'false', 'false', '', '', NULL, NULL, '73815160223498240', NULL, NULL);
INSERT INTO `data_template_item` VALUES('73815826228641796', 'VALUE5', '门票类型', '5', '', '字符串', '20', 'true', 'false', 'false', 'false', 'false', '', '', NULL, NULL, '73815160223498240', NULL, NULL);
INSERT INTO `data_template_item` VALUES('73815826228641797', 'VALUE6', '购票日期', '6', '', '日期', '', 'true', 'false', 'false', 'false', 'false', 'YYYY-MM-DD', '', NULL, NULL, '73815160223498240', NULL, NULL);
INSERT INTO `data_template_item` VALUES('73815826228641798', 'VALUE7', '票面金额', '7', '', '数字', '', 'true', 'false', 'false', 'false', 'false', '', '', NULL, NULL, '73815160223498240', NULL, NULL);
INSERT INTO `data_template_item` VALUES('73815826228641799', 'VALUE8', '折扣金额', '8', '', '数字', '', 'true', 'false', 'false', 'false', 'false', '', '', NULL, NULL, '73815160223498240', NULL, NULL);
INSERT INTO `data_template_item` VALUES('73815826228641800', 'VALUE9', '折后金额', '9', '', '数字', '', 'true', 'false', 'false', 'false', 'false', '', '', NULL, NULL, '73815160223498240', NULL, NULL);
INSERT INTO `data_template_item` VALUES('73815826228641801', 'VALUE10', '退票日期', '10', '', '日期', '', 'true', 'false', 'false', 'false', 'false', 'YYYY-MM-DD', '', NULL, NULL, '73815160223498240', NULL, NULL);
INSERT INTO `data_template_item` VALUES('73815826228641802', 'VALUE11', '退还金额', '11', '', '数字', '', 'true', 'false', 'false', 'false', 'false', '', '', NULL, NULL, '73815160223498240', NULL, NULL);
INSERT INTO `data_template_item` VALUES('73815826228641803', 'VALUE12', '支付方式', '12', '', '字符串', '20', 'true', 'false', 'false', 'false', 'false', '', '', NULL, NULL, '73815160223498240', NULL, NULL);
INSERT INTO `data_template_item` VALUES('73815826228641804', 'VALUE13', '是否兑换', '13', '', '字符串', '20', 'true', 'false', 'false', 'false', 'false', '', '', NULL, NULL, '73815160223498240', NULL, NULL);
INSERT INTO `data_template_item` VALUES('73815826228641805', 'VALUE14', '兑换日期', '14', '', '日期', '', 'true', 'false', 'false', 'false', 'false', 'YYYY-MM-DD', '', NULL, NULL, '73815160223498240', NULL, NULL);
INSERT INTO `data_template_item` VALUES('73817530114310145', 'VALUE1', '科目组合', '1', '会计科目', '字符串', '20', 'true', 'false', 'false', 'false', 'false', '', '', NULL, NULL, '73817530114310144', NULL, NULL);
INSERT INTO `data_template_item` VALUES('73817530114310146', 'VALUE2', '借方金额', '2', '借方金额', '数字', '', 'true', 'false', 'false', 'false', 'false', '', '', NULL, NULL, '73817530114310144', NULL, NULL);
INSERT INTO `data_template_item` VALUES('73817530114310147', 'VALUE3', '贷方金额', '3', '贷方金额', '数字', '', 'true', 'false', 'false', 'false', 'false', '', '', NULL, NULL, '73817530114310144', NULL, NULL);
INSERT INTO `data_template_item` VALUES('73817530114310148', 'VALUE4', '摘要', '4', '摘要', '字符串', '20', 'true', 'false', 'false', 'false', 'false', '', '', NULL, NULL, '73817530114310144', NULL, NULL);
INSERT INTO `data_template_item` VALUES('73817530114310149', 'VALUE5', '入住日期', '5', '', '日期', '', 'true', 'false', 'false', 'false', 'false', 'YYYY-MM-DD', '', NULL, NULL, '73817530114310144', NULL, NULL);
INSERT INTO `data_template_item` VALUES('73817530114310150', 'VALUE6', '离开日期', '6', '', '日期', '', 'true', 'false', 'false', 'false', 'false', 'YYYY-MM-DD', '', NULL, NULL, '73817530114310144', NULL, NULL);
INSERT INTO `data_template_item` VALUES('73817530114310151', 'VALUE7', '入住金额', '7', '', '数字', '', 'true', 'false', 'false', 'false', 'false', '', '', NULL, NULL, '73817530114310144', NULL, NULL);
INSERT INTO `data_template_item` VALUES('73819680714326016', 'VALUE1', '科目组合', '1', '会计科目', '字符串', '20', 'true', 'false', 'false', 'false', 'false', '', '', NULL, NULL, '73816543257493504', NULL, NULL);
INSERT INTO `data_template_item` VALUES('73819680714326017', 'VALUE2', '借方金额', '2', '借方金额', '数字', '', 'true', 'false', 'false', 'false', 'false', '', '', NULL, NULL, '73816543257493504', NULL, NULL);
INSERT INTO `data_template_item` VALUES('73819680714326018', 'VALUE3', '贷方金额', '3', '贷方金额', '数字', '', 'true', 'false', 'false', 'false', 'false', '', '', NULL, NULL, '73816543257493504', NULL, NULL);
INSERT INTO `data_template_item` VALUES('73819680714326019', 'VALUE4', '摘要', '4', '摘要', '字符串', '80', 'true', 'false', 'false', 'false', 'false', '', '', NULL, NULL, '73816543257493504', NULL, NULL);
INSERT INTO `data_template_item` VALUES('73819680714326020', 'VALUE5', '门票类型', '5', '', '字符串', '20', 'true', 'false', 'false', 'false', 'false', '', '', NULL, NULL, '73816543257493504', NULL, NULL);
INSERT INTO `data_template_item` VALUES('73819680714326021', 'VALUE6', '购票日期', '6', '', '日期', '', 'true', 'false', 'false', 'false', 'false', 'YYYY-MM-DD', '', NULL, NULL, '73816543257493504', NULL, NULL);
INSERT INTO `data_template_item` VALUES('73819680714326022', 'VALUE7', '票面金额', '7', '', '数字', '', 'true', 'false', 'false', 'false', 'false', '', '', NULL, NULL, '73816543257493504', NULL, NULL);
INSERT INTO `data_template_item` VALUES('73819680714326023', 'VALUE8', '折扣金额', '8', '', '数字', '', 'true', 'false', 'false', 'false', 'false', '', '', NULL, NULL, '73816543257493504', NULL, NULL);
INSERT INTO `data_template_item` VALUES('73819680714326024', 'VALUE9', '折后金额', '9', '', '数字', '', 'true', 'false', 'false', 'false', 'false', '', '', NULL, NULL, '73816543257493504', NULL, NULL);
INSERT INTO `data_template_item` VALUES('73819680714326025', 'VALUE10', '升级日期', '10', '', '日期', '', 'true', 'false', 'false', 'false', 'false', 'YYYY-MM-DD', '', NULL, NULL, '73816543257493504', NULL, NULL);
INSERT INTO `data_template_item` VALUES('73819680714326026', 'VALUE11', '升级价差', '11', '', '数字', '', 'true', 'false', 'false', 'false', 'false', '', '', NULL, NULL, '73816543257493504', NULL, NULL);
INSERT INTO `data_template_item` VALUES('73819680714326027', 'VALUE12', '升级后门票类型', '12', '', '字符串', '20', 'true', 'false', 'false', 'false', 'false', '', '', NULL, NULL, '73816543257493504', NULL, NULL);
INSERT INTO `data_template_item` VALUES('73819680714326028', 'VALUE13', '支付方式', '13', '', '字符串', '20', 'true', 'false', 'false', 'false', 'false', '', '', NULL, NULL, '73816543257493504', NULL, NULL);
INSERT INTO `data_template_item` VALUES('73819680714326029', 'VALUE14', '升级前是否兑换', '14', '', '字符串', '20', 'true', 'false', 'false', 'false', 'false', '', '', NULL, NULL, '73816543257493504', NULL, NULL);
INSERT INTO `data_template_item` VALUES('73819680714326030', 'VALUE15', '兑换日期', '15', '', '日期', '', 'true', 'false', 'false', 'false', 'false', 'YYYY-MM-DD', '', NULL, NULL, '73816543257493504', NULL, NULL);
INSERT INTO `data_template_item` VALUES('73826034497683457', 'VALUE1', '科目组合', '1', '会计科目', '字符串', '20', 'true', 'false', 'false', 'false', 'false', '', '', NULL, NULL, '73826034497683456', NULL, NULL);
INSERT INTO `data_template_item` VALUES('73826034497683458', 'VALUE2', '借方金额', '2', '借方金额', '数字', '', 'true', 'false', 'false', 'false', 'false', '', '', NULL, NULL, '73826034497683456', NULL, NULL);
INSERT INTO `data_template_item` VALUES('73826034497683459', 'VALUE3', '贷方金额', '3', '贷方金额', '数字', '', 'true', 'false', 'false', 'false', 'false', '', '', NULL, NULL, '73826034497683456', NULL, NULL);
INSERT INTO `data_template_item` VALUES('73826034497683460', 'VALUE4', '摘要', '4', '摘要', '字符串', '80', 'true', 'false', 'false', 'false', 'false', '', '', NULL, NULL, '73826034497683456', NULL, NULL);
INSERT INTO `data_template_item` VALUES('73826034497683461', 'VALUE5', '门票类型', '5', '', '字符串', '20', 'true', 'false', 'false', 'false', 'false', '', '', NULL, NULL, '73826034497683456', NULL, NULL);
INSERT INTO `data_template_item` VALUES('73826034497683462', 'VALUE6', '售票日期', '6', '', '日期', '', 'true', 'false', 'false', 'false', 'false', 'YYYY-MM-DD', '', NULL, NULL, '73826034497683456', NULL, NULL);
INSERT INTO `data_template_item` VALUES('73826034497683463', 'VALUE7', '票面金额', '7', '', '数字', '', 'true', 'false', 'false', 'false', 'false', '', '', NULL, NULL, '73826034497683456', NULL, NULL);
INSERT INTO `data_template_item` VALUES('73826034497683464', 'VALUE8', '折扣金额', '8', '', '数字', '', 'true', 'false', 'false', 'false', 'false', '', '', NULL, NULL, '73826034497683456', NULL, NULL);
INSERT INTO `data_template_item` VALUES('73826034497683465', 'VALUE9', '折后金额', '9', '', '数字', '', 'true', 'false', 'false', 'false', 'false', '', '', NULL, NULL, '73826034497683456', NULL, NULL);
INSERT INTO `data_template_item` VALUES('73826034497683466', 'VALUE10', '支付方式', '10', '', '字符串', '20', 'true', 'false', 'false', 'false', 'false', '', '', NULL, NULL, '73826034497683456', NULL, NULL);
INSERT INTO `data_template_item` VALUES('73826486995976193', 'VALUE1', '科目组合', '1', '会计科目', '字符串', '20', 'true', 'false', 'false', 'false', 'false', '', '', NULL, NULL, '73826486995976192', NULL, NULL);
INSERT INTO `data_template_item` VALUES('73826486995976194', 'VALUE2', '借方金额', '2', '借方金额', '数字', '', 'true', 'false', 'false', 'false', 'false', '', '', NULL, NULL, '73826486995976192', NULL, NULL);
INSERT INTO `data_template_item` VALUES('73826486995976195', 'VALUE3', '贷方金额', '3', '贷方金额', '数字', '', 'true', 'false', 'false', 'false', 'false', '', '', NULL, NULL, '73826486995976192', NULL, NULL);
INSERT INTO `data_template_item` VALUES('73826486995976196', 'VALUE4', '摘要', '4', '摘要', '字符串', '80', 'true', 'false', 'false', 'false', 'false', '', '', NULL, NULL, '73826486995976192', NULL, NULL);
INSERT INTO `data_template_item` VALUES('73826486995976197', 'VALUE5', '付款日期', '5', '', '日期', '', 'true', 'false', 'false', 'false', 'false', '', '', NULL, NULL, '73826486995976192', NULL, NULL);
INSERT INTO `data_template_item` VALUES('73826486995976198', 'VALUE6', '付款账户', '6', '', '字符串', '20', 'true', 'false', 'false', 'false', 'false', '', '', NULL, NULL, '73826486995976192', NULL, NULL);
INSERT INTO `data_template_item` VALUES('73826486995976199', 'VALUE7', '对方账户', '7', '', '字符串', '20', 'true', 'false', 'false', 'false', 'false', '', '', NULL, NULL, '73826486995976192', NULL, NULL);
INSERT INTO `data_template_item` VALUES('73826486995976200', 'VALUE8', '付款金额', '8', '', '数字', '', 'true', 'false', 'false', 'false', 'false', '', '', NULL, NULL, '73826486995976192', NULL, NULL);
INSERT INTO `data_template_item` VALUES('73826486995976201', 'VALUE9', '备注', '9', '', '字符串', '80', 'true', 'false', 'false', 'false', 'false', '', '', NULL, NULL, '73826486995976192', NULL, NULL);
INSERT INTO `data_template_item` VALUES('73846856763375616', 'VALUE1', '科目组合', '1', '会计科目', '字符串', '20', 'true', 'false', 'false', 'false', 'false', '', '', NULL, NULL, '73818253161988096', NULL, NULL);
INSERT INTO `data_template_item` VALUES('73846856763375617', 'VALUE2', '借方金额', '2', '借方金额', '数字', '', 'true', 'false', 'false', 'false', 'false', '', '', NULL, NULL, '73818253161988096', NULL, NULL);
INSERT INTO `data_template_item` VALUES('73846856763375618', 'VALUE3', '贷方金额', '3', '贷方金额', '数字', '', 'true', 'false', 'false', 'false', 'false', '', '', NULL, NULL, '73818253161988096', NULL, NULL);
INSERT INTO `data_template_item` VALUES('73846856763375619', 'VALUE4', '摘要', '4', '摘要', '字符串', '80', 'true', 'false', 'false', 'false', 'false', '', '', NULL, NULL, '73818253161988096', NULL, NULL);
INSERT INTO `data_template_item` VALUES('73846856763375620', 'VALUE5', '门票类型', '5', '', '字符串', '20', 'true', 'false', 'false', 'false', 'false', '', '', NULL, NULL, '73818253161988096', NULL, NULL);
INSERT INTO `data_template_item` VALUES('73846856763375621', 'VALUE6', '首次入园日期', '6', '', '日期', '', 'true', 'false', 'false', 'false', 'false', 'YYYY-MM-DD', '', NULL, NULL, '73818253161988096', NULL, NULL);
INSERT INTO `data_template_item` VALUES('73846856763375622', 'VALUE7', '本次入园日期', '7', '', '日期', '', 'true', 'false', 'false', 'false', 'false', 'YYYY-MM-DD', '', NULL, NULL, '73818253161988096', NULL, NULL);
INSERT INTO `data_template_item` VALUES('73846856763375623', 'VALUE8', '票面金额', '8', '', '数字', '', 'true', 'false', 'false', 'false', 'false', '', '', NULL, NULL, '73818253161988096', NULL, NULL);
INSERT INTO `data_template_item` VALUES('73846856763375625', 'VALUE10', '折后金额', '10', '', '数字', '', 'true', 'false', 'false', 'false', 'false', '', '', NULL, NULL, '73818253161988096', NULL, NULL);
INSERT INTO `data_template_item` VALUES('73846856763375626', 'VALUE11', '失效日期', '11', '', '日期', '', 'true', 'false', 'false', 'false', 'false', 'YYYY-MM-DD', '', NULL, NULL, '73818253161988096', NULL, NULL);
INSERT INTO `data_template_item` VALUES('73846856763375627', 'VALUE12', '入园次数', '12', '', '数字', '', 'true', 'false', 'false', 'false', 'false', '', '', NULL, NULL, '73818253161988096', NULL, NULL);
INSERT INTO `data_template_item` VALUES('73846856763375628', 'VALUE13', '过期状态', '13', '', '字符串', '20', 'true', 'false', 'false', 'false', 'false', '', '', NULL, NULL, '73818253161988096', NULL, NULL);
INSERT INTO `data_template_item` VALUES('73846856763375629', 'VALUE14', '抵用日期', '14', '', '日期', '', 'true', 'false', 'false', 'false', 'false', 'YYYY-MM-DD', '', NULL, NULL, '73818253161988096', NULL, NULL);
INSERT INTO `data_template_item` VALUES('73846856763375630', 'VALUE15', '导入接口日期', '15', '', '日期', '', 'true', 'false', 'false', 'false', 'false', 'YYYY-MM-DD', '', NULL, NULL, '73818253161988096', NULL, NULL);
INSERT INTO `data_template_item` VALUES('73846856763375631', 'VALUE16', '成本中心', '16', '', '字符串', '20', 'true', 'false', 'false', 'false', 'false', '', '', NULL, NULL, '73818253161988096', NULL, NULL);
INSERT INTO `data_template_item` VALUES('73928569350848513', 'VALUE2', '借方金额', '2', '借方金额', '数字', '', 'true', 'false', 'false', 'false', 'false', '', '', NULL, NULL, '73825165127516160', NULL, NULL);
INSERT INTO `data_template_item` VALUES('73928569350848514', 'VALUE3', '贷方金额', '3', '贷方金额', '数字', '', 'true', 'false', 'false', 'false', 'false', '', '', NULL, NULL, '73825165127516160', NULL, NULL);
INSERT INTO `data_template_item` VALUES('73928569350848515', 'VALUE4', '摘要', '4', '摘要', '字符串', '80', 'true', 'false', 'false', 'false', 'false', '', '', NULL, NULL, '73825165127516160', NULL, NULL);
INSERT INTO `data_template_item` VALUES('73928569350848516', 'VALUE5', '门票类型', '5', '', '字符串', '20', 'true', 'false', 'false', 'false', 'false', '', '', NULL, NULL, '73825165127516160', NULL, NULL);
INSERT INTO `data_template_item` VALUES('73928569350848517', 'VALUE6', '售票日期', '6', '', '日期', '', 'true', 'false', 'false', 'false', 'false', '', '', NULL, NULL, '73825165127516160', NULL, NULL);
INSERT INTO `data_template_item` VALUES('73928569350848518', 'VALUE7', '票面金额', '7', '', '数字', '', 'true', 'false', 'false', 'false', 'false', '', '', NULL, NULL, '73825165127516160', NULL, NULL);
INSERT INTO `data_template_item` VALUES('73928569350848519', 'VALUE8', '折扣金额', '8', '', '数字', '', 'true', 'false', 'false', 'false', 'false', '', '', NULL, NULL, '73825165127516160', NULL, NULL);
INSERT INTO `data_template_item` VALUES('73928569350848520', 'VALUE9', '折后金额', '9', '', '数字', '', 'true', 'false', 'false', 'false', 'false', '', '', NULL, NULL, '73825165127516160', NULL, NULL);
INSERT INTO `data_template_item` VALUES('73928569350848521', 'VALUE10', '支付方式', '10', '', '字符串', '20', 'true', 'false', 'false', 'false', 'false', '', '', NULL, NULL, '73825165127516160', NULL, NULL);
INSERT INTO `data_template_item` VALUES('73928569350848522', 'VALUE11', '佣金提成', '11', '', '数字', '', 'true', 'false', 'false', 'false', 'false', '', '', NULL, NULL, '73825165127516160', NULL, NULL);
INSERT INTO `data_template_item` VALUES('73928569350848523', 'VALUE12', '客商', '12', '', '字符串', '20', 'true', 'false', 'false', 'false', 'false', '', '', NULL, NULL, '73825165127516160', NULL, NULL);
INSERT INTO `data_template_item` VALUES('73932112736616448', 'VALUE1', '科目组合', '1', '', '字符串', '20', 'true', 'false', 'false', 'false', 'false', '', '科目组合映射必填', NULL, NULL, '73825563703836672', NULL, NULL);
INSERT INTO `data_template_item` VALUES('73932112736616449', 'VALUE2', '借方金额', '2', '', '数字', '', 'true', 'false', 'false', 'false', 'false', '', '借方金额映射必填', NULL, NULL, '73825563703836672', NULL, NULL);
INSERT INTO `data_template_item` VALUES('73932112736616450', 'VALUE3', '贷方金额', '3', '', '数字', '', 'true', 'false', 'false', 'false', 'false', '', '贷方金额映射必填', NULL, NULL, '73825563703836672', NULL, NULL);
INSERT INTO `data_template_item` VALUES('73932112736616451', 'VALUE4', '摘要', '4', '', '字符串', '80', 'true', 'false', 'false', 'false', 'false', '', '摘要映射必填', NULL, NULL, '73825563703836672', NULL, NULL);
INSERT INTO `data_template_item` VALUES('73932112736616452', 'VALUE5', '单据类型', '5', '', '字符串', '20', 'true', 'false', 'false', 'false', 'false', '', '', NULL, NULL, '73825563703836672', NULL, NULL);
INSERT INTO `data_template_item` VALUES('73932112736616453', 'VALUE6', '结算日期', '6', '', '日期', '', 'true', 'false', 'false', 'false', 'false', 'YYYY-MM-DD', '', NULL, NULL, '73825563703836672', NULL, NULL);
INSERT INTO `data_template_item` VALUES('73932112736616454', 'VALUE7', '佣金总额', '7', '', '日期', '', 'true', 'false', 'false', 'false', 'false', 'YYYY-MM-DD', '', NULL, NULL, '73825563703836672', NULL, NULL);
INSERT INTO `data_template_item` VALUES('73932112736616455', 'VALUE8', '其他费用总额', '8', '', '数字', '', 'true', 'false', 'false', 'false', 'false', '', '', NULL, NULL, '73825563703836672', NULL, NULL);
INSERT INTO `data_template_item` VALUES('73932112736616456', 'VALUE9', '客商', '9', '', '字符串', '20', 'true', 'false', 'false', 'false', 'false', '', '', NULL, NULL, '73825563703836672', NULL, NULL);
INSERT INTO `data_template_item` VALUES('94933906071683072', 'VALUE1', '科目组合', '1', '会计科目', '字符串', '20', 'true', 'true', NULL, NULL, 'false', '', '', NULL, NULL, '73461801261793280', NULL, NULL);
INSERT INTO `data_template_item` VALUES('94933906071683073', 'VALUE2', '借方金额', '2', '借方金额', '字符串', '', 'true', 'true', 'false', 'false', 'false', '', '', NULL, NULL, '73461801261793280', NULL, NULL);
INSERT INTO `data_template_item` VALUES('94933906071683074', 'VALUE3', '贷方金额', '3', '贷方金额', '字符串', '', 'true', 'true', 'false', 'false', 'false', '', '', NULL, NULL, '73461801261793280', NULL, NULL);
INSERT INTO `data_template_item` VALUES('94933906071683075', 'VALUE4', '摘要', '4', '摘要', '字符串', '80', 'true', 'true', 'false', 'false', 'false', '', '', NULL, NULL, '73461801261793280', NULL, NULL);
INSERT INTO `data_template_item` VALUES('94933906071683076', 'VALUE5', '门票类型', '5', '', '字符串', '20', 'true', 'false', 'false', 'false', 'false', '', '', NULL, NULL, '73461801261793280', NULL, NULL);
INSERT INTO `data_template_item` VALUES('94933906071683077', 'VALUE6', '售票日期', '6', '', '日期', '', 'true', 'false', 'false', 'false', 'false', 'YYYY-MM-DD', '', NULL, NULL, '73461801261793280', NULL, NULL);
INSERT INTO `data_template_item` VALUES('94933906071683078', 'VALUE7', '票面金额', '7', '', '数字', '', 'true', 'false', 'false', 'false', 'false', '', '', NULL, NULL, '73461801261793280', NULL, NULL);
INSERT INTO `data_template_item` VALUES('94933906071683079', 'VALUE8', '折扣金额', '8', '', '数字', '', 'true', 'false', 'false', 'false', 'false', '', '', NULL, NULL, '73461801261793280', NULL, NULL);
INSERT INTO `data_template_item` VALUES('94933906071683080', 'VALUE9', '折后金额', '9', '', '数字', '', 'true', 'false', 'false', 'false', 'false', '', '', NULL, NULL, '73461801261793280', NULL, NULL);
INSERT INTO `data_template_item` VALUES('94933906071683081', 'VALUE10', '支付方式', '10', '', '字符串', '20', 'true', 'false', 'false', 'false', 'false', '', '', NULL, NULL, '73461801261793280', NULL, NULL);
INSERT INTO `data_template_item` VALUES('94933906071683082', 'MAP1', '收入科目映射', '11', '', '字符串', '20', 'true', 'false', 'false', 'false', 'false', '', '', NULL, NULL, '73461801261793280', NULL, NULL);


INSERT INTO `partner_group`  VALUES ('1', 'TA/OTA合伙人组', '存贮TA/OTA及其分部', NULL, NULL);
INSERT INTO `partner_group`  VALUES ('2', 'IP合伙人组', '存储IP合伙人', NULL, NULL);

INSERT INTO `partner_group_item`  VALUES ('1', '携程', '100001', '1', NULL, NULL);
INSERT INTO `partner_group_item`  VALUES ('2', '飞猪', '100002', '1', NULL, NULL);
INSERT INTO `partner_group_item`  VALUES ('3', '途牛', '100003', '1', NULL, NULL);
INSERT INTO `partner_group_item`  VALUES ('4', '美国梦工场', '100004', '2', NULL, NULL);
INSERT INTO `partner_group_item`  VALUES ('5', '漫威', '100005', '2', NULL, NULL);
INSERT INTO `partner_group_item`  VALUES ('6', '索尼', '100006', '2', NULL, NULL);

INSERT INTO `product_group`  VALUES ('1', '门票产品', '存贮环球影城门票产品', NULL, NULL);
INSERT INTO `product_group`  VALUES ('2', '餐饮产品', '存贮环球影餐饮产品', NULL, NULL);

INSERT INTO `product_group_item`  VALUES ('1', '日票', '1001', '1', NULL, NULL);
INSERT INTO `product_group_item`  VALUES ('2', '套票', '1002', '1', NULL, NULL);
INSERT INTO `product_group_item`  VALUES ('3', '季票', '1003', '1', NULL, NULL);
INSERT INTO `product_group_item`  VALUES ('4', '年票', '1004', '1', NULL, NULL);
INSERT INTO `product_group_item`  VALUES ('5', '鸡腿套餐', '1005', '2', NULL, NULL);
INSERT INTO `product_group_item`  VALUES ('6', '汉堡套餐', '1006', '2', NULL, NULL);
INSERT INTO `product_group_item`  VALUES ('7', '牛排套餐', '1007', '2', NULL, NULL);
